i	http	GET /
i	http	GET /favicon.ico
i	http	GET /
i	http	GET /favicon.ico
i	http	GET /
i	http	GET /
i	http	GET /favicon.ico
i	http	GET /
i	http	GET /favicon.ico
i	http	GET /
i	http	GET /favicon.ico
i	http	GET /
i	http	GET /
i	http	GET /game_session
i	http	GET /game_session
i	http	GET /game_session
i	http	GET /game_session
i	http	GET /game_session
i	http	GET /favicon.ico
i	http	GET /
i	http	GET /
i	http	GET /favicon.ico
i	http	GET /
i	http	GET /css/owl_rush_home_page.css
i	http	GET /css/common.css
i	http	GET /img/favicon.svg
i	http	GET /
i	http	GET /css/owl_rush_home_page.css
i	http	GET /css/common.css
i	http	GET /img/favicon.svg
i	http	GET /
i	http	GET /favicon.ico
i	http	GET /
i	http	GET /favicon.ico
i	http	GET /
i	http	GET /favicon.ico
i	http	GET /
i	http	GET /css/owl_rush_home_page.css
i	http	GET /css/common.css
i	http	GET /img/favicon.svg
i	http	GET /
i	http	GET /
i	http	GET /
i	http	GET /
i	http	GET /css/owl_rush_home_page.css
i	http	GET /css/common.css
i	http	GET /img/favicon.svg
i	http	GET /
i	http	GET /
i	http	GET /home_page.xhtml
i	http	GET /home_page.xhtml
i	http	GET /css/owl_rush_home_page.css
i	http	GET /css/common.css
i	http	GET /img/favicon.svg
i	http	GET /lobby.xhtml
i	http	GET /css/lobby.css
i	http	GET /css/common.css
i	http	GET /img/122-owl.svg
i	http	GET /img/favicon.svg
i	http	GET /lobby.xhtml
i	http	GET /favicon.ico
i	http	GET /lobby.xhtml
i	http	GET /favicon.ico
i	http	GET /home_page.xhtml
i	http	GET /home_page.xhtml
i	http	GET /favicon.ico
i	http	GET /home_page.xhtml
i	http	GET /favicon.ico
i	http	GET /home_page.xhtml
i	http	GET /css/owl_rush_home_page.css
i	http	GET /css/common.css
i	http	GET /img/favicon.svg
i	http	GET /home_page.xhtml
i	http	GET /favicon.ico
i	http	GET /home_page.xhtml
i	http	GET /html/home_page.xhtml
i	http	GET /css/owl_rush_home_page.css
i	http	GET /css/common.css
i	http	GET /img/favicon.svg
i	http	GET /html/lobby.xhtml
i	http	GET /css/common.css
i	http	GET /css/lobby.css
i	http	GET /img/favicon.svg
i	http	GET /img/122-owl.svg
i	http	GET /html/game_board.xhtml
i	http	GET /css/common.css
i	http	GET /css/owl_rush_GameBoard.css
i	http	GET /css/board.css
i	http	GET /css/simon_says.css
i	http	GET /img/favicon.svg
i	http	GET /img/048-buffalo.svg
i	http	GET /img/050-tiger-1.svg
i	http	GET /img/CartaConColor-1.svg
i	http	GET /img/CartaConColor-2.svg
i	http	GET /img/CartaConColor-3.svg
i	http	GET /js/client/main.js
i	http	GET /img/003-chipmunk.svg
i	http	GET /img/CartaConColor-4.svg
i	http	GET /img/Maso.svg
i	http	GET /img/068-sun-1.svg
i	http	GET /html/game_board.xhtml
i	http	GET /css/common.css
i	http	GET /css/owl_rush_GameBoard.css
i	http	GET /css/board.css
i	http	GET /css/simon_says.css
i	http	GET /client/main.js
i	http	GET /img/favicon.svg
i	http	GET /img/048-buffalo.svg
i	http	GET /img/050-tiger-1.svg
i	http	GET /img/CartaConColor-1.svg
i	http	GET /img/003-chipmunk.svg
i	http	GET /img/CartaConColor-2.svg
i	http	GET /img/CartaConColor-3.svg
i	http	GET /img/CartaConColor-4.svg
i	http	GET /img/Maso.svg
i	http	GET /img/068-sun-1.svg
i	http	GET /client/game.js
i	http	GET /client/board.js
i	http	GET /client/deck.js
i	http	GET /client/player.js
i	http	GET /client/alert_manager.js
i	http	GET /client/simon_says.js
i	http	GET /client/sun_manager.js
i	http	GET /html/game_board.xhtml
i	http	GET /css/common.css
i	http	GET /css/owl_rush_GameBoard.css
i	http	GET /css/board.css
i	http	GET /css/simon_says.css
i	http	GET /img/favicon.svg
i	http	GET /img/048-buffalo.svg
i	http	GET /img/050-tiger-1.svg
i	http	GET /img/CartaConColor-1.svg
i	http	GET /img/CartaConColor-2.svg
i	http	GET /img/CartaConColor-3.svg
i	http	GET /client/main.js
i	http	GET /img/003-chipmunk.svg
i	http	GET /img/CartaConColor-4.svg
i	http	GET /img/Maso.svg
i	http	GET /img/068-sun-1.svg
i	http	GET /client/game.js
i	http	GET /client/board.js
i	http	GET /client/deck.js
i	http	GET /client/player.js
i	http	GET /client/alert_manager.js
i	http	GET /client/simon_says.js
i	http	GET /client/sun_manager.js
i	http	GET /html/game_board.xhtml
i	http	GET /css/common.css
i	http	GET /css/owl_rush_GameBoard.css
i	http	GET /css/board.css
i	http	GET /css/simon_says.css
i	http	GET /img/favicon.svg
i	http	GET /img/048-buffalo.svg
i	http	GET /img/CartaConColor-1.svg
i	http	GET /img/050-tiger-1.svg
i	http	GET /img/068-sun-1.svg
i	http	GET /client/main.js
i	http	GET /img/CartaConColor-4.svg
i	http	GET /img/Maso.svg
i	http	GET /img/CartaConColor-2.svg
i	http	GET /img/CartaConColor-3.svg
i	http	GET /img/003-chipmunk.svg
i	http	GET /client/game.js
i	http	GET /client/board.js
i	http	GET /client/deck.js
i	http	GET /client/player.js
i	http	GET /client/alert_manager.js
i	http	GET /client/simon_says.js
i	http	GET /client/sun_manager.js
i	http	GET /html/game_board.xhtml
i	http	GET /css/common.css
i	http	GET /css/owl_rush_GameBoard.css
i	http	GET /css/board.css
i	http	GET /css/simon_says.css
i	http	GET /js/client/main.js
i	http	GET /img/favicon.svg
i	http	GET /img/048-buffalo.svg
i	http	GET /img/050-tiger-1.svg
i	http	GET /img/CartaConColor-1.svg
i	http	GET /img/068-sun-1.svg
i	http	GET /img/CartaConColor-2.svg
i	http	GET /img/CartaConColor-3.svg
i	http	GET /img/003-chipmunk.svg
i	http	GET /img/CartaConColor-4.svg
i	http	GET /img/Maso.svg
i	http	GET /html/game_board.xhtml
i	http	GET /css/common.css
i	http	GET /css/owl_rush_GameBoard.css
i	http	GET /css/board.css
i	http	GET /css/simon_says.css
i	http	GET /js/client/main.js
i	http	GET /img/CartaConColor-2.svg
i	http	GET /img/CartaConColor-1.svg
i	http	GET /img/003-chipmunk.svg
i	http	GET /img/068-sun-1.svg
i	http	GET /img/Maso.svg
i	http	GET /img/CartaConColor-4.svg
i	http	GET /img/CartaConColor-3.svg
i	http	GET /img/favicon.svg
i	http	GET /img/048-buffalo.svg
i	http	GET /img/050-tiger-1.svg
i	http	GET /html/game_board.xhtml
i	http	GET /game_board.xhtml
i	http	GET /css/common.css
i	http	GET /css/owl_rush_GameBoard.css
i	http	GET /css/board.css
i	http	GET /css/simon_says.css
i	http	GET /js/client/main.js
i	http	GET /img/CartaConColor-3.svg
i	http	GET /img/CartaConColor-1.svg
i	http	GET /img/050-tiger-1.svg
i	http	GET /img/CartaConColor-2.svg
i	http	GET /img/favicon.svg
i	http	GET /img/CartaConColor-4.svg
i	http	GET /img/003-chipmunk.svg
i	http	GET /img/068-sun-1.svg
i	http	GET /img/Maso.svg
i	http	GET /img/048-buffalo.svg
i	http	GET /home_page.xhtml
i	http	GET /home_page.xhtml
i	http	GET /home_page.xhtml
i	http	GET /home_page.xhtml
i	http	GET /css/owl_rush_home_page.css
i	http	GET /css/common.css
i	http	GET /img/favicon.svg
i	http	GET /home_page.xhtml
i	http	GET /css/owl_rush_home_page.css
i	http	GET /css/common.css
i	http	GET /img/favicon.svg
i	http	GET /home_page.xhtml
i	http	GET /css/owl_rush_home_page.css
i	http	GET /css/common.css
i	http	GET /img/favicon.svg
i	http	GET /home_page.xhtml
i	http	GET /owl_rush_home_page.css
i	http	GET /css/common.css
i	http	GET /img/favicon.svg
i	http	GET /home_page.xhtml
i	http	GET /owl_rush_home_page.css
i	http	GET /css/common.css
i	http	GET /img/favicon.svg
i	http	GET /home_page.xhtml
i	http	GET /owl_rush_home_page.css
i	http	GET /common.css
i	http	GET /img/favicon.svg
i	http	GET /home_page.xhtml
i	http	GET /img/favicon.svg
i	http	GET /owl_rush_home_page.css
i	http	GET /common.css
i	http	GET /home_page.xhtml
i	http	GET /css/owl_rush_home_page.css
i	http	GET /css/common.css
i	http	GET /img/favicon.svg
i	http	GET /lobby.xhtml
i	http	GET /favicon.ico
i	http	GET /home_page.xhtml
i	http	GET /css/owl_rush_home_page.css
i	http	GET /css/common.css
i	http	GET /img/favicon.svg
i	http	GET /lobby.xhtml
i	http	GET /css/common.css
i	http	GET /css/lobby.css
i	http	GET /img/favicon.svg
i	http	GET /img/122-owl.svg
i	http	GET /game_board.xhtml
i	http	GET /css/common.css
i	http	GET /css/owl_rush_GameBoard.css
i	http	GET /css/board.css
i	http	GET /css/simon_says.css
i	http	GET /js/client/main.js
i	http	GET /img/CartaConColor-3.svg
i	http	GET /img/favicon.svg
i	http	GET /img/CartaConColor-1.svg
i	http	GET /img/048-buffalo.svg
i	http	GET /img/050-tiger-1.svg
i	http	GET /img/CartaConColor-2.svg
i	http	GET /img/003-chipmunk.svg
i	http	GET /img/CartaConColor-4.svg
i	http	GET /img/Maso.svg
i	http	GET /img/068-sun-1.svg
i	http	GET /js/client/game.js
i	http	GET /js/client/board.js
i	http	GET /js/client/deck.js
i	http	GET /js/client/player.js
i	http	GET /js/client/alert_manager.js
i	http	GET /js/client/simon_says.js
i	http	GET /js/client/sun_manager.js
i	http	GET /
i	http	GET /
i	http	GET /
i	http	GET /
i	http	GET /
i	http	GET /html/home_page.xhtml
i	http	GET /html/css/owl_rush_home_page.css
i	http	GET /html/css/common.css
i	http	GET /img/favicon.svg
i	http	GET /html/img/favicon.svg
i	http	GET /html/home_page.xhtml
i	http	GET /html/css/owl_rush_home_page.css
i	http	GET /html/css/common.css
i	http	GET /img/favicon.svg
i	http	GET /html/home_page.xhtml
i	http	GET /html/css/owl_rush_home_page.css
i	http	GET /html/css/common.css
i	http	GET /img/favicon.svg
i	http	GET /html/home_page.xhtml
i	http	GET /html/css/owl_rush_home_page.css
i	http	GET /html/css/common.css
i	http	GET /img/favicon.svg
i	http	GET /html/home_page.xhtml
i	http	GET /html/css/owl_rush_home_page.css
i	http	GET /html/css/common.css
i	http	GET /img/favicon.svg
i	http	GET /html/home_page.xhtml
i	http	GET /html/css/owl_rush_home_page.css
i	http	GET /html/css/common.css
i	http	GET /img/favicon.svg
i	http	GET /home_page.xhtml
i	http	GET /css/owl_rush_home_page.css
i	http	GET /css/common.css
i	http	GET /img/favicon.svg
i	http	GET /lobby.xhtml
i	http	GET /css/common.css
i	http	GET /css/lobby.css
i	http	GET /img/favicon.svg
i	http	GET /img/122-owl.svg
i	http	GET /
i	http	GET /home_page.xhtml
i	http	GET /css/owl_rush_home_page.css
i	http	GET /css/common.css
i	http	GET /img/favicon.svg
i	http	GET /instructions_home_page.xhtml
i	http	GET /favicon.ico
i	http	GET /home_page.xhtml
i	http	GET /js/client/client_socket.js
i	http	GET /css/owl_rush_home_page.css
i	http	GET /css/common.css
i	http	GET /img/favicon.svg
i	http	GET /css/common.css
i	http	GET /home_page.xhtml
i	http	GET /css/owl_rush_home_page.css
i	http	GET /css/common.css
i	http	GET /js/client/client_socket.js
i	http	GET /img/favicon.svg
i	http	GET /home_page.xhtml
i	http	GET /css/owl_rush_home_page.css
i	http	GET /css/common.css
i	http	GET /img/favicon.svg
i	http	GET /js/client/client_socket.js
i	http	GET /home_page.xhtml
i	http	GET /css/owl_rush_home_page.css
i	http	GET /css/common.css
i	http	GET /img/favicon.svg
i	http	GET /js/client/client_socket.js
i	http	GET /home_page.xhtml
i	http	GET /css/owl_rush_home_page.css
i	http	GET /css/common.css
i	http	GET /js/client/client_socket.js
i	http	GET /img/favicon.svg
i	http	GET /home_page.xhtml
i	http	GET /css/owl_rush_home_page.css
i	http	GET /css/common.css
i	http	GET /js/client/client_socket.js
i	http	GET /img/favicon.svg
i	http	GET /home_page.xhtml
i	http	GET /css/owl_rush_home_page.css
i	http	GET /css/common.css
i	http	GET /js/client/client_socket.js
i	http	GET /img/favicon.svg
i	http	GET /home_page.xhtml
i	http	GET /css/owl_rush_home_page.css
i	http	GET /css/common.css
i	http	GET /img/favicon.svg
i	http	GET /js/client/client_socket.js
i	http	GET /home_page.xhtml
i	http	GET /css/owl_rush_home_page.css
i	http	GET /css/common.css
i	http	GET /img/favicon.svg
i	http	GET /js/client/client_socket.js
i	http	GET /home_page.xhtml
i	http	GET /css/owl_rush_home_page.css
i	http	GET /css/common.css
i	http	GET /js/client/client_socket.js
i	http	GET /img/favicon.svg
i	http	GET /home_page.xhtml
i	http	GET /css/owl_rush_home_page.css
i	http	GET /css/common.css
i	http	GET /img/favicon.svg
i	http	GET /js/client/client_socket.js
i	http	GET /
i	http	GET /home_page.xhtml
i	http	GET /css/owl_rush_home_page.css
i	http	GET /css/common.css
i	http	GET /js/client/client_socket.js
i	http	GET /img/favicon.svg
i	http	GET /lobby_guestview.xhtml
i	http	GET /favicon.ico
i	http	GET /lobby.xhtml
i	http	GET /css/lobby.css
i	http	GET /css/common.css
i	http	GET /img/favicon.svg
i	http	GET /img/122-owl.svg
i	http	GET /home_page.xhtml
i	http	GET /css/owl_rush_home_page.css
i	http	GET /css/common.css
i	http	GET /js/client/client_socket.js
i	http	GET /img/favicon.svg
i	http	GET /home_page.xhtml
i	http	GET /css/owl_rush_home_page.css
i	http	GET /img/favicon.svg
i	http	GET /js/client/client_socket.js
i	http	GET /css/common.css
i	http	GET /lobby.xhtml
i	http	GET /css/common.css
i	http	GET /css/lobby.css
i	http	GET /img/favicon.svg
i	http	GET /img/122-owl.svg
i	http	GET /game_board.xhtml
i	http	GET /css/owl_rush_GameBoard.css
i	http	GET /css/common.css
i	http	GET /css/board.css
i	http	GET /css/simon_says.css
i	http	GET /js/client/main.js
i	http	GET /img/CartaConColor-3.svg
i	http	GET /img/favicon.svg
i	http	GET /img/CartaConColor-4.svg
i	http	GET /img/CartaConColor-1.svg
i	http	GET /img/050-tiger-1.svg
i	http	GET /img/003-chipmunk.svg
i	http	GET /img/048-buffalo.svg
i	http	GET /img/CartaConColor-2.svg
i	http	GET /img/Maso.svg
i	http	GET /img/068-sun-1.svg
i	http	GET /js/client/game.js
i	http	GET /js/client/board.js
i	http	GET /js/client/deck.js
i	http	GET /js/client/player.js
i	http	GET /js/client/alert_manager.js
i	http	GET /js/client/client_socket.js
i	http	GET /js/client/simon_says.js
i	http	GET /js/client/sun_manager.js
i	http	GET /game_board.xhtml
i	http	GET /css/common.css
i	http	GET /css/owl_rush_GameBoard.css
i	http	GET /css/board.css
i	http	GET /css/simon_says.css
i	http	GET /img/048-buffalo.svg
i	http	GET /img/050-tiger-1.svg
i	http	GET /img/CartaConColor-2.svg
i	http	GET /js/client/main.js
i	http	GET /img/CartaConColor-1.svg
i	http	GET /img/003-chipmunk.svg
i	http	GET /img/CartaConColor-4.svg
i	http	GET /img/Maso.svg
i	http	GET /img/068-sun-1.svg
i	http	GET /img/favicon.svg
i	http	GET /img/CartaConColor-3.svg
i	http	GET /js/client/game.js
i	http	GET /js/client/board.js
i	http	GET /js/client/deck.js
i	http	GET /js/client/player.js
i	http	GET /js/client/alert_manager.js
i	http	GET /js/client/client_socket.js
i	http	GET /js/client/simon_says.js
i	http	GET /js/client/sun_manager.js
i	http	GET /game_board.xhtml
i	http	GET /css/common.css
i	http	GET /css/owl_rush_GameBoard.css
i	http	GET /css/simon_says.css
i	http	GET /css/board.css
i	http	GET /img/favicon.svg
i	http	GET /img/CartaConColor-3.svg
i	http	GET /js/client/main.js
i	http	GET /img/048-buffalo.svg
i	http	GET /img/050-tiger-1.svg
i	http	GET /img/CartaConColor-1.svg
i	http	GET /img/CartaConColor-2.svg
i	http	GET /img/003-chipmunk.svg
i	http	GET /img/CartaConColor-4.svg
i	http	GET /img/Maso.svg
i	http	GET /img/068-sun-1.svg
i	http	GET /js/client/game.js
i	http	GET /js/client/board.js
i	http	GET /js/client/alert_manager.js
i	http	GET /js/client/deck.js
i	http	GET /js/client/client_socket.js
i	http	GET /js/client/player.js
i	http	GET /js/client/simon_says.js
i	http	GET /js/client/sun_manager.js
i	http	GET /css/board.css
i	http	GET /css/board.css
i	http	GET /css/common.css
i	http	GET /css/common.css
i	http	GET /game_board.xhtml
i	http	GET /css/common.css
i	http	GET /css/owl_rush_GameBoard.css
i	http	GET /css/board.css
i	http	GET /css/simon_says.css
i	http	GET /img/CartaConColor-1.svg
i	http	GET /img/CartaConColor-2.svg
i	http	GET /img/003-chipmunk.svg
i	http	GET /img/CartaConColor-4.svg
i	http	GET /img/Maso.svg
i	http	GET /img/068-sun-1.svg
i	http	GET /img/favicon.svg
i	http	GET /img/050-tiger-1.svg
i	http	GET /img/048-buffalo.svg
i	http	GET /img/CartaConColor-3.svg
i	http	GET /js/client/main.js
i	http	GET /js/client/game.js
i	http	GET /js/client/board.js
i	http	GET /js/client/deck.js
i	http	GET /js/client/player.js
i	http	GET /js/client/alert_manager.js
i	http	GET /js/client/client_socket.js
i	http	GET /js/client/simon_says.js
i	http	GET /js/client/sun_manager.js
i	http	GET /game_board.xhtml
i	http	GET /css/common.css
i	http	GET /css/owl_rush_GameBoard.css
i	http	GET /css/simon_says.css
i	http	GET /css/board.css
i	http	GET /img/CartaConColor-3.svg
i	http	GET /img/003-chipmunk.svg
i	http	GET /img/050-tiger-1.svg
i	http	GET /img/CartaConColor-2.svg
i	http	GET /img/CartaConColor-1.svg
i	http	GET /img/048-buffalo.svg
i	http	GET /js/client/main.js
i	http	GET /img/favicon.svg
i	http	GET /img/CartaConColor-4.svg
i	http	GET /img/Maso.svg
i	http	GET /img/068-sun-1.svg
i	http	GET /js/client/game.js
i	http	GET /js/client/board.js
i	http	GET /js/client/deck.js
i	http	GET /js/client/player.js
i	http	GET /js/client/alert_manager.js
i	http	GET /js/client/client_socket.js
i	http	GET /js/client/simon_says.js
i	http	GET /js/client/sun_manager.js
i	http	GET /game_board.xhtml
i	http	GET /css/common.css
i	http	GET /css/owl_rush_GameBoard.css
i	http	GET /css/board.css
i	http	GET /css/simon_says.css
i	http	GET /img/favicon.svg
i	http	GET /img/048-buffalo.svg
i	http	GET /img/050-tiger-1.svg
i	http	GET /img/CartaConColor-1.svg
i	http	GET /img/CartaConColor-2.svg
i	http	GET /img/CartaConColor-3.svg
i	http	GET /js/client/main.js
i	http	GET /img/003-chipmunk.svg
i	http	GET /img/CartaConColor-4.svg
i	http	GET /img/Maso.svg
i	http	GET /img/068-sun-1.svg
i	http	GET /js/client/game.js
i	http	GET /js/client/board.js
i	http	GET /js/client/deck.js
i	http	GET /js/client/player.js
i	http	GET /js/client/alert_manager.js
i	http	GET /js/client/client_socket.js
i	http	GET /js/client/simon_says.js
i	http	GET /js/client/sun_manager.js
i	http	GET /game_board.xhtml
i	http	GET /css/common.css
i	http	GET /css/owl_rush_GameBoard.css
i	http	GET /css/board.css
i	http	GET /css/simon_says.css
i	http	GET /img/favicon.svg
i	http	GET /img/048-buffalo.svg
i	http	GET /img/050-tiger-1.svg
i	http	GET /img/CartaConColor-1.svg
i	http	GET /img/CartaConColor-2.svg
i	http	GET /img/CartaConColor-3.svg
i	http	GET /img/003-chipmunk.svg
i	http	GET /img/CartaConColor-4.svg
i	http	GET /img/Maso.svg
i	http	GET /img/068-sun-1.svg
i	http	GET /js/client/main.js
i	http	GET /js/client/game.js
i	http	GET /js/client/board.js
i	http	GET /js/client/deck.js
i	http	GET /js/client/player.js
i	http	GET /js/client/alert_manager.js
i	http	GET /js/client/client_socket.js
i	http	GET /js/client/simon_says.js
i	http	GET /js/client/sun_manager.js
i	http	GET /game_board.xhtml
i	http	GET /css/common.css
i	http	GET /css/owl_rush_GameBoard.css
i	http	GET /css/board.css
i	http	GET /css/simon_says.css
i	http	GET /js/client/main.js
i	http	GET /img/050-tiger-1.svg
i	http	GET /img/068-sun-1.svg
i	http	GET /img/CartaConColor-2.svg
i	http	GET /img/CartaConColor-3.svg
i	http	GET /img/048-buffalo.svg
i	http	GET /img/CartaConColor-1.svg
i	http	GET /js/client/game.js
i	http	GET /img/CartaConColor-4.svg
i	http	GET /img/Maso.svg
i	http	GET /img/003-chipmunk.svg
i	http	GET /img/favicon.svg
i	http	GET /js/client/board.js
i	http	GET /js/client/deck.js
i	http	GET /js/client/player.js
i	http	GET /js/client/alert_manager.js
i	http	GET /js/client/client_socket.js
i	http	GET /js/client/simon_says.js
i	http	GET /js/client/sun_manager.js
i	http	GET /game_board.xhtml
i	http	GET /css/common.css
i	http	GET /css/owl_rush_GameBoard.css
i	http	GET /css/simon_says.css
i	http	GET /css/board.css
i	http	GET /js/client/main.js
i	http	GET /img/048-buffalo.svg
i	http	GET /img/favicon.svg
i	http	GET /img/CartaConColor-1.svg
i	http	GET /img/050-tiger-1.svg
i	http	GET /img/003-chipmunk.svg
i	http	GET /img/CartaConColor-3.svg
i	http	GET /js/client/game.js
i	http	GET /img/CartaConColor-2.svg
i	http	GET /img/068-sun-1.svg
i	http	GET /img/Maso.svg
i	http	GET /img/CartaConColor-4.svg
i	http	GET /js/client/board.js
i	http	GET /js/client/deck.js
i	http	GET /js/client/player.js
i	http	GET /js/client/alert_manager.js
i	http	GET /js/client/client_socket.js
i	http	GET /js/client/simon_says.js
i	http	GET /js/client/sun_manager.js
i	http	GET /game_board.xhtml
i	http	GET /css/common.css
i	http	GET /css/owl_rush_GameBoard.css
i	http	GET /css/board.css
i	http	GET /css/simon_says.css
i	http	GET /js/client/main.js
i	http	GET /img/048-buffalo.svg
i	http	GET /img/favicon.svg
i	http	GET /img/CartaConColor-1.svg
i	http	GET /img/003-chipmunk.svg
i	http	GET /img/050-tiger-1.svg
i	http	GET /img/CartaConColor-3.svg
i	http	GET /img/CartaConColor-2.svg
i	http	GET /img/Maso.svg
i	http	GET /img/068-sun-1.svg
i	http	GET /img/CartaConColor-4.svg
i	http	GET /js/client/game.js
i	http	GET /js/client/board.js
i	http	GET /js/client/deck.js
i	http	GET /js/client/player.js
i	http	GET /js/client/alert_manager.js
i	http	GET /js/client/client_socket.js
i	http	GET /js/client/simon_says.js
i	http	GET /js/client/sun_manager.js
i	http	GET /game_board.xhtml
i	http	GET /css/common.css
i	http	GET /css/owl_rush_GameBoard.css
i	http	GET /css/board.css
i	http	GET /css/simon_says.css
i	http	GET /img/favicon.svg
i	http	GET /img/048-buffalo.svg
i	http	GET /img/050-tiger-1.svg
i	http	GET /img/CartaConColor-1.svg
i	http	GET /img/CartaConColor-2.svg
i	http	GET /img/CartaConColor-3.svg
i	http	GET /js/client/main.js
i	http	GET /img/003-chipmunk.svg
i	http	GET /img/CartaConColor-4.svg
i	http	GET /img/Maso.svg
i	http	GET /img/068-sun-1.svg
i	http	GET /js/client/game.js
i	http	GET /js/client/board.js
i	http	GET /js/client/deck.js
i	http	GET /js/client/player.js
i	http	GET /js/client/alert_manager.js
i	http	GET /js/client/client_socket.js
i	http	GET /js/client/simon_says.js
i	http	GET /js/client/sun_manager.js
i	http	GET /game_board.xhtml
i	http	GET /css/common.css
i	http	GET /css/owl_rush_GameBoard.css
i	http	GET /css/board.css
i	http	GET /css/simon_says.css
i	http	GET /img/050-tiger-1.svg
i	http	GET /img/favicon.svg
i	http	GET /img/048-buffalo.svg
i	http	GET /img/CartaConColor-1.svg
i	http	GET /img/CartaConColor-2.svg
i	http	GET /img/CartaConColor-3.svg
i	http	GET /img/003-chipmunk.svg
i	http	GET /img/CartaConColor-4.svg
i	http	GET /img/Maso.svg
i	http	GET /js/client/main.js
i	http	GET /img/068-sun-1.svg
i	http	GET /js/client/game.js
i	http	GET /js/client/board.js
i	http	GET /js/client/deck.js
i	http	GET /js/client/player.js
i	http	GET /js/client/alert_manager.js
i	http	GET /js/client/client_socket.js
i	http	GET /js/client/simon_says.js
i	http	GET /js/client/sun_manager.js
i	http	GET /game_board.xhtml
i	http	GET /css/common.css
i	http	GET /css/owl_rush_GameBoard.css
i	http	GET /css/board.css
i	http	GET /css/simon_says.css
i	http	GET /img/favicon.svg
i	http	GET /img/048-buffalo.svg
i	http	GET /img/050-tiger-1.svg
i	http	GET /img/CartaConColor-1.svg
i	http	GET /img/CartaConColor-2.svg
i	http	GET /img/CartaConColor-3.svg
i	http	GET /img/003-chipmunk.svg
i	http	GET /img/CartaConColor-4.svg
i	http	GET /img/Maso.svg
i	http	GET /img/068-sun-1.svg
i	http	GET /js/client/main.js
i	http	GET /js/client/game.js
i	http	GET /js/client/board.js
i	http	GET /js/client/deck.js
i	http	GET /js/client/player.js
i	http	GET /js/client/alert_manager.js
i	http	GET /js/client/client_socket.js
i	http	GET /js/client/simon_says.js
i	http	GET /js/client/sun_manager.js
i	http	GET /game_board.xhtml
i	http	GET /css/common.css
i	http	GET /css/owl_rush_GameBoard.css
i	http	GET /css/board.css
i	http	GET /css/simon_says.css
i	http	GET /js/client/main.js
i	http	GET /img/048-buffalo.svg
i	http	GET /img/favicon.svg
i	http	GET /img/CartaConColor-1.svg
i	http	GET /img/050-tiger-1.svg
i	http	GET /img/003-chipmunk.svg
i	http	GET /img/CartaConColor-3.svg
i	http	GET /js/client/game.js
i	http	GET /img/CartaConColor-2.svg
i	http	GET /img/068-sun-1.svg
i	http	GET /img/Maso.svg
i	http	GET /img/CartaConColor-4.svg
i	http	GET /js/client/board.js
i	http	GET /js/client/deck.js
i	http	GET /js/client/player.js
i	http	GET /js/client/alert_manager.js
i	http	GET /js/client/client_socket.js
i	http	GET /js/client/simon_says.js
i	http	GET /js/client/sun_manager.js
i	http	GET /game_board.xhtml
i	http	GET /css/common.css
i	http	GET /css/owl_rush_GameBoard.css
i	http	GET /css/board.css
i	http	GET /css/simon_says.css
i	http	GET /js/client/main.js
i	http	GET /img/CartaConColor-3.svg
i	http	GET /img/CartaConColor-2.svg
i	http	GET /img/favicon.svg
i	http	GET /img/CartaConColor-1.svg
i	http	GET /img/003-chipmunk.svg
i	http	GET /img/048-buffalo.svg
i	http	GET /img/050-tiger-1.svg
i	http	GET /img/068-sun-1.svg
i	http	GET /img/Maso.svg
i	http	GET /img/CartaConColor-4.svg
i	http	GET /js/client/game.js
i	http	GET /js/client/board.js
i	http	GET /js/client/deck.js
i	http	GET /js/client/player.js
i	http	GET /js/client/alert_manager.js
i	http	GET /js/client/client_socket.js
i	http	GET /js/client/simon_says.js
i	http	GET /js/client/sun_manager.js
i	http	GET /game_board.xhtml
i	http	GET /css/common.css
i	http	GET /css/owl_rush_GameBoard.css
i	http	GET /css/board.css
i	http	GET /css/simon_says.css
i	http	GET /js/client/main.js
i	http	GET /img/048-buffalo.svg
i	http	GET /img/favicon.svg
i	http	GET /img/003-chipmunk.svg
i	http	GET /img/CartaConColor-1.svg
i	http	GET /img/050-tiger-1.svg
i	http	GET /img/CartaConColor-3.svg
i	http	GET /js/client/game.js
i	http	GET /img/CartaConColor-2.svg
i	http	GET /img/068-sun-1.svg
i	http	GET /img/Maso.svg
i	http	GET /img/CartaConColor-4.svg
i	http	GET /js/client/board.js
i	http	GET /js/client/deck.js
i	http	GET /js/client/player.js
i	http	GET /js/client/alert_manager.js
i	http	GET /js/client/client_socket.js
i	http	GET /js/client/simon_says.js
i	http	GET /js/client/sun_manager.js
i	http	GET /game_board.xhtml
i	http	GET /css/common.css
i	http	GET /css/owl_rush_GameBoard.css
i	http	GET /css/board.css
i	http	GET /css/simon_says.css
i	http	GET /js/client/main.js
i	http	GET /img/048-buffalo.svg
i	http	GET /img/favicon.svg
i	http	GET /img/003-chipmunk.svg
i	http	GET /img/CartaConColor-1.svg
i	http	GET /img/050-tiger-1.svg
i	http	GET /img/CartaConColor-3.svg
i	http	GET /img/CartaConColor-2.svg
i	http	GET /img/068-sun-1.svg
i	http	GET /img/Maso.svg
i	http	GET /img/CartaConColor-4.svg
i	http	GET /js/client/game.js
i	http	GET /js/client/board.js
i	http	GET /js/client/player.js
i	http	GET /js/client/deck.js
i	http	GET /js/client/alert_manager.js
i	http	GET /js/client/client_socket.js
i	http	GET /js/client/simon_says.js
i	http	GET /js/client/sun_manager.js
i	http	GET /game_board.xhtml
i	http	GET /css/common.css
i	http	GET /css/owl_rush_GameBoard.css
i	http	GET /css/simon_says.css
i	http	GET /css/board.css
i	http	GET /js/client/main.js
i	http	GET /img/CartaConColor-2.svg
i	http	GET /img/CartaConColor-1.svg
i	http	GET /img/003-chipmunk.svg
i	http	GET /img/CartaConColor-3.svg
i	http	GET /img/050-tiger-1.svg
i	http	GET /img/favicon.svg
i	http	GET /js/client/game.js
i	http	GET /img/048-buffalo.svg
i	http	GET /img/068-sun-1.svg
i	http	GET /img/Maso.svg
i	http	GET /img/CartaConColor-4.svg
i	http	GET /js/client/board.js
i	http	GET /js/client/deck.js
i	http	GET /js/client/player.js
i	http	GET /js/client/alert_manager.js
i	http	GET /js/client/client_socket.js
i	http	GET /js/client/simon_says.js
i	http	GET /js/client/sun_manager.js
i	http	GET /game_board.xhtml
i	http	GET /css/common.css
i	http	GET /css/owl_rush_GameBoard.css
i	http	GET /css/board.css
i	http	GET /css/simon_says.css
i	http	GET /img/favicon.svg
i	http	GET /img/048-buffalo.svg
i	http	GET /img/050-tiger-1.svg
i	http	GET /img/CartaConColor-1.svg
i	http	GET /img/CartaConColor-2.svg
i	http	GET /img/CartaConColor-3.svg
i	http	GET /img/003-chipmunk.svg
i	http	GET /img/CartaConColor-4.svg
i	http	GET /img/Maso.svg
i	http	GET /img/068-sun-1.svg
i	http	GET /js/client/main.js
i	http	GET /js/client/game.js
i	http	GET /js/client/board.js
i	http	GET /js/client/deck.js
i	http	GET /js/client/player.js
i	http	GET /js/client/alert_manager.js
i	http	GET /js/client/client_socket.js
i	http	GET /js/client/simon_says.js
i	http	GET /js/client/sun_manager.js
i	http	GET /game_board.xhtml
i	http	GET /css/common.css
i	http	GET /css/owl_rush_GameBoard.css
i	http	GET /css/board.css
i	http	GET /css/simon_says.css
i	http	GET /js/client/main.js
i	http	GET /img/CartaConColor-4.svg
i	http	GET /img/003-chipmunk.svg
i	http	GET /img/CartaConColor-1.svg
i	http	GET /img/050-tiger-1.svg
i	http	GET /img/CartaConColor-3.svg
i	http	GET /img/CartaConColor-2.svg
i	http	GET /js/client/game.js
i	http	GET /img/Maso.svg
i	http	GET /img/048-buffalo.svg
i	http	GET /img/favicon.svg
i	http	GET /img/068-sun-1.svg
i	http	GET /js/client/board.js
i	http	GET /js/client/deck.js
i	http	GET /js/client/player.js
i	http	GET /js/client/alert_manager.js
i	http	GET /js/client/client_socket.js
i	http	GET /js/client/simon_says.js
i	http	GET /js/client/sun_manager.js
i	http	GET /game_board.xhtml
i	http	GET /css/common.css
i	http	GET /css/owl_rush_GameBoard.css
i	http	GET /css/board.css
i	http	GET /css/simon_says.css
i	http	GET /img/favicon.svg
i	http	GET /img/048-buffalo.svg
i	http	GET /img/050-tiger-1.svg
i	http	GET /img/CartaConColor-1.svg
i	http	GET /img/CartaConColor-2.svg
i	http	GET /img/CartaConColor-3.svg
i	http	GET /img/003-chipmunk.svg
i	http	GET /js/client/main.js
i	http	GET /img/CartaConColor-4.svg
i	http	GET /img/Maso.svg
i	http	GET /img/068-sun-1.svg
i	http	GET /js/client/game.js
i	http	GET /js/client/board.js
i	http	GET /js/client/deck.js
i	http	GET /js/client/player.js
i	http	GET /js/client/alert_manager.js
i	http	GET /js/client/client_socket.js
i	http	GET /js/client/simon_says.js
i	http	GET /js/client/sun_manager.js
i	http	GET /game_board.xhtml
i	http	GET /css/common.css
i	http	GET /css/owl_rush_GameBoard.css
i	http	GET /css/board.css
i	http	GET /css/simon_says.css
i	http	GET /js/client/main.js
i	http	GET /img/003-chipmunk.svg
i	http	GET /img/CartaConColor-4.svg
i	http	GET /img/Maso.svg
i	http	GET /img/048-buffalo.svg
i	http	GET /img/CartaConColor-2.svg
i	http	GET /img/favicon.svg
i	http	GET /img/068-sun-1.svg
i	http	GET /img/050-tiger-1.svg
i	http	GET /img/CartaConColor-1.svg
i	http	GET /img/CartaConColor-3.svg
i	http	GET /js/client/game.js
i	http	GET /js/client/board.js
i	http	GET /js/client/deck.js
i	http	GET /js/client/player.js
i	http	GET /js/client/alert_manager.js
i	http	GET /js/client/client_socket.js
i	http	GET /js/client/simon_says.js
i	http	GET /js/client/sun_manager.js
i	http	GET /game_board.xhtml
i	http	GET /css/common.css
i	http	GET /css/owl_rush_GameBoard.css
i	http	GET /css/board.css
i	http	GET /css/simon_says.css
i	http	GET /img/favicon.svg
i	http	GET /img/048-buffalo.svg
i	http	GET /img/050-tiger-1.svg
i	http	GET /img/CartaConColor-1.svg
i	http	GET /img/CartaConColor-2.svg
i	http	GET /img/CartaConColor-3.svg
i	http	GET /js/client/main.js
i	http	GET /img/003-chipmunk.svg
i	http	GET /img/CartaConColor-4.svg
i	http	GET /img/Maso.svg
i	http	GET /img/068-sun-1.svg
i	http	GET /js/client/game.js
i	http	GET /js/client/board.js
i	http	GET /js/client/deck.js
i	http	GET /js/client/player.js
i	http	GET /js/client/alert_manager.js
i	http	GET /js/client/client_socket.js
i	http	GET /js/client/simon_says.js
i	http	GET /js/client/sun_manager.js
i	http	GET /game_board.xhtml
i	http	GET /css/common.css
i	http	GET /css/owl_rush_GameBoard.css
i	http	GET /css/board.css
i	http	GET /css/simon_says.css
i	http	GET /img/favicon.svg
i	http	GET /img/048-buffalo.svg
i	http	GET /img/050-tiger-1.svg
i	http	GET /img/CartaConColor-1.svg
i	http	GET /img/CartaConColor-2.svg
i	http	GET /img/CartaConColor-3.svg
i	http	GET /img/003-chipmunk.svg
i	http	GET /img/CartaConColor-4.svg
i	http	GET /img/Maso.svg
i	http	GET /img/068-sun-1.svg
i	http	GET /js/client/main.js
i	http	GET /js/client/game.js
i	http	GET /js/client/board.js
i	http	GET /js/client/deck.js
i	http	GET /js/client/player.js
i	http	GET /js/client/alert_manager.js
i	http	GET /js/client/client_socket.js
i	http	GET /js/client/simon_says.js
i	http	GET /js/client/sun_manager.js
i	http	GET /game_board.xhtml
i	http	GET /css/common.css
i	http	GET /css/owl_rush_GameBoard.css
i	http	GET /css/board.css
i	http	GET /css/simon_says.css
i	http	GET /img/favicon.svg
i	http	GET /img/048-buffalo.svg
i	http	GET /img/050-tiger-1.svg
i	http	GET /img/CartaConColor-1.svg
i	http	GET /img/CartaConColor-2.svg
i	http	GET /img/CartaConColor-3.svg
i	http	GET /img/003-chipmunk.svg
i	http	GET /img/CartaConColor-4.svg
i	http	GET /img/Maso.svg
i	http	GET /img/068-sun-1.svg
i	http	GET /js/client/main.js
i	http	GET /js/client/game.js
i	http	GET /js/client/board.js
i	http	GET /js/client/deck.js
i	http	GET /js/client/player.js
i	http	GET /js/client/alert_manager.js
i	http	GET /js/client/client_socket.js
i	http	GET /js/client/simon_says.js
i	http	GET /js/client/sun_manager.js
i	http	GET /game_board.xhtml
i	http	GET /css/common.css
i	http	GET /css/owl_rush_GameBoard.css
i	http	GET /css/board.css
i	http	GET /css/simon_says.css
i	http	GET /img/favicon.svg
i	http	GET /img/048-buffalo.svg
i	http	GET /img/050-tiger-1.svg
i	http	GET /img/CartaConColor-1.svg
i	http	GET /img/CartaConColor-2.svg
i	http	GET /img/CartaConColor-3.svg
i	http	GET /img/003-chipmunk.svg
i	http	GET /img/CartaConColor-4.svg
i	http	GET /img/Maso.svg
i	http	GET /js/client/main.js
i	http	GET /img/068-sun-1.svg
i	http	GET /js/client/game.js
i	http	GET /js/client/board.js
i	http	GET /js/client/deck.js
i	http	GET /js/client/player.js
i	http	GET /js/client/alert_manager.js
i	http	GET /js/client/client_socket.js
i	http	GET /js/client/simon_says.js
i	http	GET /js/client/sun_manager.js
i	http	GET /game_board.xhtml
i	http	GET /css/common.css
i	http	GET /css/owl_rush_GameBoard.css
i	http	GET /css/board.css
i	http	GET /css/simon_says.css
i	http	GET /img/favicon.svg
i	http	GET /img/048-buffalo.svg
i	http	GET /img/050-tiger-1.svg
i	http	GET /img/CartaConColor-1.svg
i	http	GET /img/CartaConColor-2.svg
i	http	GET /img/CartaConColor-3.svg
i	http	GET /img/003-chipmunk.svg
i	http	GET /img/CartaConColor-4.svg
i	http	GET /img/Maso.svg
i	http	GET /img/068-sun-1.svg
i	http	GET /js/client/main.js
i	http	GET /js/client/game.js
i	http	GET /js/client/board.js
i	http	GET /js/client/deck.js
i	http	GET /js/client/player.js
i	http	GET /js/client/alert_manager.js
i	http	GET /js/client/client_socket.js
i	http	GET /js/client/simon_says.js
i	http	GET /js/client/sun_manager.js
i	http	GET /game_board.xhtml
i	http	GET /css/common.css
i	http	GET /css/owl_rush_GameBoard.css
i	http	GET /css/board.css
i	http	GET /css/simon_says.css
i	http	GET /img/favicon.svg
i	http	GET /img/048-buffalo.svg
i	http	GET /img/050-tiger-1.svg
i	http	GET /img/CartaConColor-1.svg
i	http	GET /img/CartaConColor-2.svg
i	http	GET /img/CartaConColor-3.svg
i	http	GET /js/client/main.js
i	http	GET /img/003-chipmunk.svg
i	http	GET /img/CartaConColor-4.svg
i	http	GET /img/Maso.svg
i	http	GET /img/068-sun-1.svg
i	http	GET /js/client/game.js
i	http	GET /js/client/board.js
i	http	GET /js/client/deck.js
i	http	GET /js/client/player.js
i	http	GET /js/client/alert_manager.js
i	http	GET /js/client/client_socket.js
i	http	GET /js/client/sun_manager.js
i	http	GET /js/client/simon_says.js
i	http	GET /game_board.xhtml
i	http	GET /css/common.css
i	http	GET /css/owl_rush_GameBoard.css
i	http	GET /css/board.css
i	http	GET /css/simon_says.css
i	http	GET /img/favicon.svg
i	http	GET /img/048-buffalo.svg
i	http	GET /img/050-tiger-1.svg
i	http	GET /img/CartaConColor-1.svg
i	http	GET /img/CartaConColor-2.svg
i	http	GET /img/CartaConColor-3.svg
i	http	GET /img/003-chipmunk.svg
i	http	GET /img/CartaConColor-4.svg
i	http	GET /js/client/main.js
i	http	GET /img/Maso.svg
i	http	GET /img/068-sun-1.svg
i	http	GET /js/client/game.js
i	http	GET /js/client/board.js
i	http	GET /js/client/deck.js
i	http	GET /js/client/player.js
i	http	GET /js/client/alert_manager.js
i	http	GET /js/client/client_socket.js
i	http	GET /js/client/simon_says.js
i	http	GET /js/client/sun_manager.js
i	http	GET /game_board.xhtml
i	http	GET /css/common.css
i	http	GET /css/owl_rush_GameBoard.css
i	http	GET /css/board.css
i	http	GET /css/simon_says.css
i	http	GET /img/favicon.svg
i	http	GET /img/048-buffalo.svg
i	http	GET /img/050-tiger-1.svg
i	http	GET /img/CartaConColor-1.svg
i	http	GET /img/CartaConColor-2.svg
i	http	GET /img/CartaConColor-3.svg
i	http	GET /js/client/main.js
i	http	GET /img/003-chipmunk.svg
i	http	GET /img/CartaConColor-4.svg
i	http	GET /img/Maso.svg
i	http	GET /img/068-sun-1.svg
i	http	GET /js/client/game.js
i	http	GET /js/client/board.js
i	http	GET /js/client/deck.js
i	http	GET /js/client/player.js
i	http	GET /js/client/client_socket.js
i	http	GET /js/client/alert_manager.js
i	http	GET /js/client/simon_says.js
i	http	GET /js/client/sun_manager.js
i	http	GET /game_board.xhtml
i	http	GET /css/common.css
i	http	GET /css/owl_rush_GameBoard.css
i	http	GET /css/board.css
i	http	GET /css/simon_says.css
i	http	GET /img/050-tiger-1.svg
i	http	GET /img/048-buffalo.svg
i	http	GET /img/CartaConColor-1.svg
i	http	GET /img/003-chipmunk.svg
i	http	GET /img/favicon.svg
i	http	GET /img/CartaConColor-4.svg
i	http	GET /img/CartaConColor-3.svg
i	http	GET /img/CartaConColor-2.svg
i	http	GET /img/Maso.svg
i	http	GET /js/client/main.js
i	http	GET /img/068-sun-1.svg
i	http	GET /js/client/game.js
i	http	GET /js/client/board.js
i	http	GET /js/client/deck.js
i	http	GET /js/client/player.js
i	http	GET /js/client/alert_manager.js
i	http	GET /js/client/client_socket.js
i	http	GET /js/client/simon_says.js
i	http	GET /js/client/sun_manager.js
i	http	GET /game_board.xhtml
i	http	GET /css/common.css
i	http	GET /css/owl_rush_GameBoard.css
i	http	GET /css/board.css
i	http	GET /css/simon_says.css
i	http	GET /img/favicon.svg
i	http	GET /img/048-buffalo.svg
i	http	GET /img/050-tiger-1.svg
i	http	GET /img/CartaConColor-1.svg
i	http	GET /js/client/main.js
i	http	GET /img/CartaConColor-2.svg
i	http	GET /img/CartaConColor-3.svg
i	http	GET /img/003-chipmunk.svg
i	http	GET /img/CartaConColor-4.svg
i	http	GET /img/Maso.svg
i	http	GET /img/068-sun-1.svg
i	http	GET /js/client/game.js
i	http	GET /js/client/board.js
i	http	GET /js/client/deck.js
i	http	GET /js/client/player.js
i	http	GET /js/client/alert_manager.js
i	http	GET /js/client/client_socket.js
i	http	GET /js/client/simon_says.js
i	http	GET /js/client/sun_manager.js
i	http	GET /css/common.css
i	http	GET /game_board.xhtml
i	http	GET /css/common.css
i	http	GET /css/owl_rush_GameBoard.css
i	http	GET /css/board.css
i	http	GET /css/simon_says.css
i	http	GET /img/favicon.svg
i	http	GET /img/048-buffalo.svg
i	http	GET /img/050-tiger-1.svg
i	http	GET /img/CartaConColor-1.svg
i	http	GET /js/client/main.js
i	http	GET /img/CartaConColor-2.svg
i	http	GET /img/CartaConColor-3.svg
i	http	GET /img/003-chipmunk.svg
i	http	GET /img/CartaConColor-4.svg
i	http	GET /img/Maso.svg
i	http	GET /img/068-sun-1.svg
i	http	GET /js/client/game.js
i	http	GET /js/client/board.js
i	http	GET /js/client/deck.js
i	http	GET /js/client/player.js
i	http	GET /js/client/alert_manager.js
i	http	GET /js/client/client_socket.js
i	http	GET /js/client/simon_says.js
i	http	GET /js/client/sun_manager.js
i	http	GET /game_board.xhtml
i	http	GET /css/common.css
i	http	GET /css/owl_rush_GameBoard.css
i	http	GET /css/board.css
i	http	GET /css/simon_says.css
i	http	GET /img/favicon.svg
i	http	GET /img/048-buffalo.svg
i	http	GET /img/050-tiger-1.svg
i	http	GET /img/CartaConColor-1.svg
i	http	GET /img/CartaConColor-2.svg
i	http	GET /img/068-sun-1.svg
i	http	GET /js/client/main.js
i	http	GET /img/CartaConColor-3.svg
i	http	GET /img/003-chipmunk.svg
i	http	GET /img/CartaConColor-4.svg
i	http	GET /img/Maso.svg
i	http	GET /js/client/game.js
i	http	GET /js/client/board.js
i	http	GET /js/client/deck.js
i	http	GET /js/client/player.js
i	http	GET /js/client/alert_manager.js
i	http	GET /js/client/client_socket.js
i	http	GET /js/client/simon_says.js
i	http	GET /js/client/sun_manager.js
i	http	GET /css/board.css
i	http	GET /css/board.css
i	http	GET /game_board.xhtml
i	http	GET /css/common.css
i	http	GET /css/board.css
i	http	GET /css/owl_rush_GameBoard.css
i	http	GET /css/simon_says.css
i	http	GET /img/favicon.svg
i	http	GET /img/048-buffalo.svg
i	http	GET /img/050-tiger-1.svg
i	http	GET /img/CartaConColor-1.svg
i	http	GET /img/CartaConColor-2.svg
i	http	GET /img/CartaConColor-3.svg
i	http	GET /js/client/main.js
i	http	GET /img/003-chipmunk.svg
i	http	GET /img/CartaConColor-4.svg
i	http	GET /img/Maso.svg
i	http	GET /img/068-sun-1.svg
i	http	GET /js/client/game.js
i	http	GET /js/client/board.js
i	http	GET /js/client/deck.js
i	http	GET /js/client/player.js
i	http	GET /js/client/client_socket.js
i	http	GET /js/client/alert_manager.js
i	http	GET /js/client/simon_says.js
i	http	GET /js/client/sun_manager.js
i	http	GET /game_board.xhtml
i	http	GET /css/common.css
i	http	GET /css/owl_rush_GameBoard.css
i	http	GET /css/board.css
i	http	GET /css/simon_says.css
i	http	GET /img/favicon.svg
i	http	GET /img/048-buffalo.svg
i	http	GET /img/050-tiger-1.svg
i	http	GET /img/CartaConColor-1.svg
i	http	GET /img/CartaConColor-2.svg
i	http	GET /img/CartaConColor-3.svg
i	http	GET /js/client/main.js
i	http	GET /img/003-chipmunk.svg
i	http	GET /img/CartaConColor-4.svg
i	http	GET /img/Maso.svg
i	http	GET /img/068-sun-1.svg
i	http	GET /js/client/game.js
i	http	GET /js/client/board.js
i	http	GET /js/client/deck.js
i	http	GET /js/client/player.js
i	http	GET /js/client/alert_manager.js
i	http	GET /js/client/client_socket.js
i	http	GET /js/client/simon_says.js
i	http	GET /js/client/sun_manager.js
i	http	GET /game_board.xhtml
i	http	GET /css/common.css
i	http	GET /css/owl_rush_GameBoard.css
i	http	GET /css/board.css
i	http	GET /css/simon_says.css
i	http	GET /img/favicon.svg
i	http	GET /img/048-buffalo.svg
i	http	GET /img/050-tiger-1.svg
i	http	GET /img/CartaConColor-1.svg
i	http	GET /img/CartaConColor-2.svg
i	http	GET /img/CartaConColor-3.svg
i	http	GET /js/client/main.js
i	http	GET /img/003-chipmunk.svg
i	http	GET /img/CartaConColor-4.svg
i	http	GET /img/Maso.svg
i	http	GET /img/068-sun-1.svg
i	http	GET /js/client/game.js
i	http	GET /js/client/board.js
i	http	GET /js/client/deck.js
i	http	GET /js/client/player.js
i	http	GET /js/client/alert_manager.js
i	http	GET /js/client/client_socket.js
i	http	GET /js/client/simon_says.js
i	http	GET /js/client/sun_manager.js
i	http	GET /game_board.xhtml
i	http	GET /css/common.css
i	http	GET /css/owl_rush_GameBoard.css
i	http	GET /css/board.css
i	http	GET /css/simon_says.css
i	http	GET /img/favicon.svg
i	http	GET /img/048-buffalo.svg
i	http	GET /img/050-tiger-1.svg
i	http	GET /img/CartaConColor-1.svg
i	http	GET /img/CartaConColor-2.svg
i	http	GET /img/CartaConColor-3.svg
i	http	GET /js/client/main.js
i	http	GET /img/003-chipmunk.svg
i	http	GET /img/CartaConColor-4.svg
i	http	GET /img/Maso.svg
i	http	GET /img/068-sun-1.svg
i	http	GET /js/client/game.js
i	http	GET /js/client/board.js
i	http	GET /js/client/deck.js
i	http	GET /js/client/player.js
i	http	GET /js/client/alert_manager.js
i	http	GET /js/client/client_socket.js
i	http	GET /js/client/simon_says.js
i	http	GET /js/client/sun_manager.js
i	http	GET /game_board.xhtml
i	http	GET /css/common.css
i	http	GET /css/owl_rush_GameBoard.css
i	http	GET /css/board.css
i	http	GET /css/simon_says.css
i	http	GET /img/favicon.svg
i	http	GET /img/048-buffalo.svg
i	http	GET /img/050-tiger-1.svg
i	http	GET /img/CartaConColor-3.svg
i	http	GET /img/CartaConColor-2.svg
i	http	GET /img/003-chipmunk.svg
i	http	GET /img/CartaConColor-1.svg
i	http	GET /js/client/main.js
i	http	GET /img/CartaConColor-4.svg
i	http	GET /img/Maso.svg
i	http	GET /img/068-sun-1.svg
i	http	GET /js/client/game.js
i	http	GET /js/client/board.js
i	http	GET /js/client/deck.js
i	http	GET /js/client/player.js
i	http	GET /js/client/alert_manager.js
i	http	GET /js/client/client_socket.js
i	http	GET /js/client/simon_says.js
i	http	GET /js/client/sun_manager.js
i	http	GET /game_board.xhtml
i	http	GET /css/common.css
i	http	GET /css/owl_rush_GameBoard.css
i	http	GET /css/board.css
i	http	GET /css/simon_says.css
i	http	GET /img/favicon.svg
i	http	GET /img/048-buffalo.svg
i	http	GET /img/050-tiger-1.svg
i	http	GET /img/CartaConColor-1.svg
i	http	GET /img/003-chipmunk.svg
i	http	GET /img/CartaConColor-2.svg
i	http	GET /img/CartaConColor-3.svg
i	http	GET /img/CartaConColor-4.svg
i	http	GET /js/client/main.js
i	http	GET /img/Maso.svg
i	http	GET /img/068-sun-1.svg
i	http	GET /js/client/game.js
i	http	GET /js/client/board.js
i	http	GET /js/client/deck.js
i	http	GET /js/client/player.js
i	http	GET /js/client/alert_manager.js
i	http	GET /js/client/client_socket.js
i	http	GET /js/client/simon_says.js
i	http	GET /js/client/sun_manager.js
i	http	GET /game_board.xhtml
i	http	GET /css/common.css
i	http	GET /css/owl_rush_GameBoard.css
i	http	GET /css/simon_says.css
i	http	GET /css/board.css
i	http	GET /img/favicon.svg
i	http	GET /img/048-buffalo.svg
i	http	GET /img/050-tiger-1.svg
i	http	GET /img/CartaConColor-1.svg
i	http	GET /img/CartaConColor-2.svg
i	http	GET /img/CartaConColor-3.svg
i	http	GET /js/client/main.js
i	http	GET /img/003-chipmunk.svg
i	http	GET /img/CartaConColor-4.svg
i	http	GET /img/Maso.svg
i	http	GET /img/068-sun-1.svg
i	http	GET /js/client/game.js
i	http	GET /js/client/board.js
i	http	GET /js/client/deck.js
i	http	GET /js/client/player.js
i	http	GET /js/client/alert_manager.js
i	http	GET /js/client/client_socket.js
i	http	GET /js/client/simon_says.js
i	http	GET /js/client/sun_manager.js
i	http	GET /game_board.xhtml
i	http	GET /css/common.css
i	http	GET /css/owl_rush_GameBoard.css
i	http	GET /css/board.css
i	http	GET /css/simon_says.css
i	http	GET /img/favicon.svg
i	http	GET /img/048-buffalo.svg
i	http	GET /img/050-tiger-1.svg
i	http	GET /img/CartaConColor-1.svg
i	http	GET /img/CartaConColor-2.svg
i	http	GET /js/client/main.js
i	http	GET /img/003-chipmunk.svg
i	http	GET /img/CartaConColor-3.svg
i	http	GET /img/CartaConColor-4.svg
i	http	GET /img/Maso.svg
i	http	GET /img/068-sun-1.svg
i	http	GET /js/client/game.js
i	http	GET /js/client/board.js
i	http	GET /js/client/deck.js
i	http	GET /js/client/player.js
i	http	GET /js/client/alert_manager.js
i	http	GET /js/client/client_socket.js
i	http	GET /js/client/simon_says.js
i	http	GET /js/client/sun_manager.js
i	http	GET /game_board.xhtml
i	http	GET /css/common.css
i	http	GET /css/owl_rush_GameBoard.css
i	http	GET /css/board.css
i	http	GET /css/simon_says.css
i	http	GET /img/favicon.svg
i	http	GET /img/048-buffalo.svg
i	http	GET /img/050-tiger-1.svg
i	http	GET /img/CartaConColor-1.svg
i	http	GET /img/CartaConColor-2.svg
i	http	GET /img/CartaConColor-3.svg
i	http	GET /js/client/main.js
i	http	GET /img/003-chipmunk.svg
i	http	GET /img/CartaConColor-4.svg
i	http	GET /img/Maso.svg
i	http	GET /img/068-sun-1.svg
i	http	GET /js/client/game.js
i	http	GET /js/client/board.js
i	http	GET /js/client/deck.js
i	http	GET /js/client/player.js
i	http	GET /js/client/alert_manager.js
i	http	GET /js/client/client_socket.js
i	http	GET /js/client/simon_says.js
i	http	GET /js/client/sun_manager.js
i	http	GET /game_board.xhtml
i	http	GET /css/common.css
i	http	GET /css/owl_rush_GameBoard.css
i	http	GET /css/board.css
i	http	GET /css/simon_says.css
i	http	GET /img/favicon.svg
i	http	GET /img/048-buffalo.svg
i	http	GET /img/050-tiger-1.svg
i	http	GET /img/CartaConColor-1.svg
i	http	GET /img/CartaConColor-2.svg
i	http	GET /img/CartaConColor-3.svg
i	http	GET /img/003-chipmunk.svg
i	http	GET /img/CartaConColor-4.svg
i	http	GET /js/client/main.js
i	http	GET /img/Maso.svg
i	http	GET /img/068-sun-1.svg
i	http	GET /js/client/game.js
i	http	GET /js/client/board.js
i	http	GET /js/client/deck.js
i	http	GET /js/client/player.js
i	http	GET /js/client/alert_manager.js
i	http	GET /js/client/client_socket.js
i	http	GET /js/client/simon_says.js
i	http	GET /js/client/sun_manager.js
i	http	GET /game_board.xhtml
i	http	GET /css/common.css
i	http	GET /css/owl_rush_GameBoard.css
i	http	GET /css/simon_says.css
i	http	GET /css/board.css
i	http	GET /js/client/main.js
i	http	GET /img/CartaConColor-1.svg
i	http	GET /img/050-tiger-1.svg
i	http	GET /img/favicon.svg
i	http	GET /img/003-chipmunk.svg
i	http	GET /img/Maso.svg
i	http	GET /img/CartaConColor-4.svg
i	http	GET /img/048-buffalo.svg
i	http	GET /img/CartaConColor-3.svg
i	http	GET /img/CartaConColor-2.svg
i	http	GET /img/068-sun-1.svg
i	http	GET /js/client/game.js
i	http	GET /js/client/board.js
i	http	GET /js/client/deck.js
i	http	GET /js/client/player.js
i	http	GET /js/client/alert_manager.js
i	http	GET /js/client/client_socket.js
i	http	GET /js/client/simon_says.js
i	http	GET /js/client/sun_manager.js
i	http	GET /game_board.xhtml
i	http	GET /css/common.css
i	http	GET /css/owl_rush_GameBoard.css
i	http	GET /css/board.css
i	http	GET /css/simon_says.css
i	http	GET /img/favicon.svg
i	http	GET /img/048-buffalo.svg
i	http	GET /img/050-tiger-1.svg
i	http	GET /img/CartaConColor-1.svg
i	http	GET /img/CartaConColor-2.svg
i	http	GET /img/CartaConColor-3.svg
i	http	GET /img/003-chipmunk.svg
i	http	GET /img/CartaConColor-4.svg
i	http	GET /js/client/main.js
i	http	GET /img/068-sun-1.svg
i	http	GET /img/Maso.svg
i	http	GET /js/client/game.js
i	http	GET /js/client/board.js
i	http	GET /js/client/deck.js
i	http	GET /js/client/player.js
i	http	GET /js/client/alert_manager.js
i	http	GET /js/client/client_socket.js
i	http	GET /js/client/simon_says.js
i	http	GET /js/client/sun_manager.js
i	http	GET /game_board.xhtml
i	http	GET /css/common.css
i	http	GET /css/owl_rush_GameBoard.css
i	http	GET /css/board.css
i	http	GET /css/simon_says.css
i	http	GET /img/favicon.svg
i	http	GET /img/048-buffalo.svg
i	http	GET /img/050-tiger-1.svg
i	http	GET /img/CartaConColor-1.svg
i	http	GET /img/CartaConColor-2.svg
i	http	GET /img/CartaConColor-3.svg
i	http	GET /js/client/main.js
i	http	GET /img/003-chipmunk.svg
i	http	GET /img/CartaConColor-4.svg
i	http	GET /img/Maso.svg
i	http	GET /img/068-sun-1.svg
i	http	GET /js/client/game.js
i	http	GET /js/client/board.js
i	http	GET /js/client/deck.js
i	http	GET /js/client/player.js
i	http	GET /js/client/alert_manager.js
i	http	GET /js/client/client_socket.js
i	http	GET /js/client/simon_says.js
i	http	GET /js/client/sun_manager.js
i	http	GET /game_board.xhtml
i	http	GET /css/common.css
i	http	GET /css/owl_rush_GameBoard.css
i	http	GET /css/board.css
i	http	GET /css/simon_says.css
i	http	GET /img/favicon.svg
i	http	GET /img/048-buffalo.svg
i	http	GET /img/050-tiger-1.svg
i	http	GET /img/CartaConColor-1.svg
i	http	GET /img/CartaConColor-2.svg
i	http	GET /img/CartaConColor-3.svg
i	http	GET /js/client/main.js
i	http	GET /img/003-chipmunk.svg
i	http	GET /img/CartaConColor-4.svg
i	http	GET /img/Maso.svg
i	http	GET /img/068-sun-1.svg
i	http	GET /js/client/game.js
i	http	GET /js/client/board.js
i	http	GET /js/client/deck.js
i	http	GET /js/client/player.js
i	http	GET /js/client/alert_manager.js
i	http	GET /js/client/client_socket.js
i	http	GET /js/client/simon_says.js
i	http	GET /js/client/sun_manager.js
i	http	GET /game_board.xhtml
i	http	GET /css/common.css
i	http	GET /css/owl_rush_GameBoard.css
i	http	GET /css/simon_says.css
i	http	GET /css/board.css
i	http	GET /js/client/main.js
i	http	GET /img/050-tiger-1.svg
i	http	GET /img/CartaConColor-2.svg
i	http	GET /img/CartaConColor-3.svg
i	http	GET /img/CartaConColor-1.svg
i	http	GET /img/Maso.svg
i	http	GET /img/CartaConColor-4.svg
i	http	GET /img/003-chipmunk.svg
i	http	GET /img/048-buffalo.svg
i	http	GET /img/favicon.svg
i	http	GET /img/068-sun-1.svg
i	http	GET /js/client/game.js
i	http	GET /js/client/board.js
i	http	GET /js/client/deck.js
i	http	GET /js/client/player.js
i	http	GET /js/client/alert_manager.js
i	http	GET /js/client/client_socket.js
i	http	GET /js/client/simon_says.js
i	http	GET /js/client/sun_manager.js
i	http	GET /game_board.xhtml
i	http	GET /css/common.css
i	http	GET /css/owl_rush_GameBoard.css
i	http	GET /css/board.css
i	http	GET /css/simon_says.css
i	http	GET /img/favicon.svg
i	http	GET /img/048-buffalo.svg
i	http	GET /img/050-tiger-1.svg
i	http	GET /img/CartaConColor-1.svg
i	http	GET /img/CartaConColor-2.svg
i	http	GET /img/CartaConColor-3.svg
i	http	GET /js/client/main.js
i	http	GET /img/003-chipmunk.svg
i	http	GET /img/CartaConColor-4.svg
i	http	GET /img/Maso.svg
i	http	GET /img/068-sun-1.svg
i	http	GET /js/client/game.js
i	http	GET /js/client/board.js
i	http	GET /js/client/deck.js
i	http	GET /js/client/player.js
i	http	GET /js/client/alert_manager.js
i	http	GET /js/client/client_socket.js
i	http	GET /js/client/simon_says.js
i	http	GET /js/client/sun_manager.js
i	http	GET /game_board.xhtml
i	http	GET /css/common.css
i	http	GET /css/owl_rush_GameBoard.css
i	http	GET /css/board.css
i	http	GET /css/simon_says.css
i	http	GET /img/favicon.svg
i	http	GET /img/048-buffalo.svg
i	http	GET /img/050-tiger-1.svg
i	http	GET /img/CartaConColor-1.svg
i	http	GET /img/CartaConColor-2.svg
i	http	GET /img/CartaConColor-3.svg
i	http	GET /js/client/main.js
i	http	GET /img/003-chipmunk.svg
i	http	GET /img/CartaConColor-4.svg
i	http	GET /img/Maso.svg
i	http	GET /img/068-sun-1.svg
i	http	GET /js/client/game.js
i	http	GET /js/client/board.js
i	http	GET /js/client/deck.js
i	http	GET /js/client/player.js
i	http	GET /js/client/alert_manager.js
i	http	GET /js/client/client_socket.js
i	http	GET /js/client/simon_says.js
i	http	GET /js/client/sun_manager.js
i	http	GET /game_board.xhtml
i	http	GET /css/common.css
i	http	GET /css/owl_rush_GameBoard.css
i	http	GET /css/board.css
i	http	GET /css/simon_says.css
i	http	GET /img/favicon.svg
i	http	GET /img/048-buffalo.svg
i	http	GET /img/050-tiger-1.svg
i	http	GET /img/CartaConColor-1.svg
i	http	GET /img/CartaConColor-2.svg
i	http	GET /img/CartaConColor-3.svg
i	http	GET /js/client/main.js
i	http	GET /img/003-chipmunk.svg
i	http	GET /img/CartaConColor-4.svg
i	http	GET /img/Maso.svg
i	http	GET /img/068-sun-1.svg
i	http	GET /js/client/game.js
i	http	GET /js/client/board.js
i	http	GET /js/client/deck.js
i	http	GET /js/client/player.js
i	http	GET /js/client/alert_manager.js
i	http	GET /js/client/client_socket.js
i	http	GET /js/client/simon_says.js
i	http	GET /js/client/sun_manager.js
i	http	GET /game_board.xhtml
i	http	GET /css/common.css
i	http	GET /css/owl_rush_GameBoard.css
i	http	GET /css/board.css
i	http	GET /css/simon_says.css
i	http	GET /img/favicon.svg
i	http	GET /img/048-buffalo.svg
i	http	GET /img/050-tiger-1.svg
i	http	GET /img/CartaConColor-1.svg
i	http	GET /img/CartaConColor-2.svg
i	http	GET /img/CartaConColor-3.svg
i	http	GET /img/003-chipmunk.svg
i	http	GET /img/CartaConColor-4.svg
i	http	GET /js/client/main.js
i	http	GET /img/Maso.svg
i	http	GET /img/068-sun-1.svg
i	http	GET /js/client/game.js
i	http	GET /js/client/board.js
i	http	GET /js/client/deck.js
i	http	GET /js/client/player.js
i	http	GET /js/client/alert_manager.js
i	http	GET /js/client/client_socket.js
i	http	GET /js/client/simon_says.js
i	http	GET /js/client/sun_manager.js
i	http	GET /game_board.xhtml
i	http	GET /css/common.css
i	http	GET /css/owl_rush_GameBoard.css
i	http	GET /css/board.css
i	http	GET /css/simon_says.css
i	http	GET /img/favicon.svg
i	http	GET /img/048-buffalo.svg
i	http	GET /js/client/main.js
i	http	GET /img/050-tiger-1.svg
i	http	GET /img/CartaConColor-1.svg
i	http	GET /img/CartaConColor-2.svg
i	http	GET /img/CartaConColor-3.svg
i	http	GET /img/003-chipmunk.svg
i	http	GET /img/CartaConColor-4.svg
i	http	GET /img/Maso.svg
i	http	GET /img/068-sun-1.svg
i	http	GET /js/client/game.js
i	http	GET /js/client/board.js
i	http	GET /js/client/deck.js
i	http	GET /js/client/player.js
i	http	GET /js/client/alert_manager.js
i	http	GET /js/client/client_socket.js
i	http	GET /js/client/simon_says.js
i	http	GET /js/client/sun_manager.js
i	http	GET /game_board.xhtml
i	http	GET /css/common.css
i	http	GET /css/owl_rush_GameBoard.css
i	http	GET /css/board.css
i	http	GET /css/simon_says.css
i	http	GET /img/favicon.svg
i	http	GET /img/048-buffalo.svg
i	http	GET /img/050-tiger-1.svg
i	http	GET /img/CartaConColor-1.svg
i	http	GET /img/CartaConColor-2.svg
i	http	GET /img/CartaConColor-3.svg
i	http	GET /js/client/main.js
i	http	GET /img/003-chipmunk.svg
i	http	GET /img/CartaConColor-4.svg
i	http	GET /img/Maso.svg
i	http	GET /img/068-sun-1.svg
i	http	GET /js/client/game.js
i	http	GET /js/client/board.js
i	http	GET /js/client/deck.js
i	http	GET /js/client/player.js
i	http	GET /js/client/alert_manager.js
i	http	GET /js/client/client_socket.js
i	http	GET /js/client/simon_says.js
i	http	GET /js/client/sun_manager.js
i	http	GET /game_board.xhtml
i	http	GET /css/common.css
i	http	GET /css/owl_rush_GameBoard.css
i	http	GET /css/board.css
i	http	GET /css/simon_says.css
i	http	GET /img/favicon.svg
i	http	GET /img/048-buffalo.svg
i	http	GET /img/050-tiger-1.svg
i	http	GET /img/003-chipmunk.svg
i	http	GET /img/CartaConColor-1.svg
i	http	GET /img/CartaConColor-2.svg
i	http	GET /img/CartaConColor-3.svg
i	http	GET /img/CartaConColor-4.svg
i	http	GET /img/Maso.svg
i	http	GET /js/client/main.js
i	http	GET /img/068-sun-1.svg
i	http	GET /js/client/game.js
i	http	GET /js/client/board.js
i	http	GET /js/client/deck.js
i	http	GET /js/client/player.js
i	http	GET /js/client/alert_manager.js
i	http	GET /js/client/client_socket.js
i	http	GET /js/client/simon_says.js
i	http	GET /js/client/sun_manager.js
i	http	GET /game_board.xhtml
i	http	GET /css/common.css
i	http	GET /css/owl_rush_GameBoard.css
i	http	GET /css/board.css
i	http	GET /css/simon_says.css
i	http	GET /img/favicon.svg
i	http	GET /img/048-buffalo.svg
i	http	GET /img/050-tiger-1.svg
i	http	GET /img/CartaConColor-1.svg
i	http	GET /img/CartaConColor-2.svg
i	http	GET /img/CartaConColor-3.svg
i	http	GET /js/client/main.js
i	http	GET /img/003-chipmunk.svg
i	http	GET /img/CartaConColor-4.svg
i	http	GET /img/Maso.svg
i	http	GET /img/068-sun-1.svg
i	http	GET /js/client/game.js
i	http	GET /js/client/board.js
i	http	GET /js/client/deck.js
i	http	GET /js/client/player.js
i	http	GET /js/client/alert_manager.js
i	http	GET /js/client/client_socket.js
i	http	GET /js/client/simon_says.js
i	http	GET /js/client/sun_manager.js
i	http	GET /game_board.xhtml
i	http	GET /css/common.css
i	http	GET /css/owl_rush_GameBoard.css
i	http	GET /css/board.css
i	http	GET /css/simon_says.css
i	http	GET /img/favicon.svg
i	http	GET /img/048-buffalo.svg
i	http	GET /img/050-tiger-1.svg
i	http	GET /img/CartaConColor-1.svg
i	http	GET /img/CartaConColor-2.svg
i	http	GET /img/CartaConColor-3.svg
i	http	GET /js/client/main.js
i	http	GET /img/003-chipmunk.svg
i	http	GET /img/CartaConColor-4.svg
i	http	GET /img/Maso.svg
i	http	GET /img/068-sun-1.svg
i	http	GET /js/client/game.js
i	http	GET /js/client/board.js
i	http	GET /js/client/deck.js
i	http	GET /js/client/player.js
i	http	GET /js/client/alert_manager.js
i	http	GET /js/client/client_socket.js
i	http	GET /js/client/simon_says.js
i	http	GET /js/client/sun_manager.js
i	http	GET /game_board.xhtml
i	http	GET /css/common.css
i	http	GET /css/owl_rush_GameBoard.css
i	http	GET /css/board.css
i	http	GET /css/simon_says.css
i	http	GET /img/favicon.svg
i	http	GET /img/048-buffalo.svg
i	http	GET /img/050-tiger-1.svg
i	http	GET /img/CartaConColor-1.svg
i	http	GET /img/CartaConColor-2.svg
i	http	GET /img/CartaConColor-3.svg
i	http	GET /img/003-chipmunk.svg
i	http	GET /img/CartaConColor-4.svg
i	http	GET /img/Maso.svg
i	http	GET /img/068-sun-1.svg
i	http	GET /js/client/main.js
i	http	GET /js/client/game.js
i	http	GET /js/client/board.js
i	http	GET /js/client/deck.js
i	http	GET /js/client/player.js
i	http	GET /js/client/alert_manager.js
i	http	GET /js/client/client_socket.js
i	http	GET /js/client/simon_says.js
i	http	GET /js/client/sun_manager.js
i	http	GET /game_board.xhtml
i	http	GET /css/common.css
i	http	GET /css/owl_rush_GameBoard.css
i	http	GET /css/board.css
i	http	GET /css/simon_says.css
i	http	GET /js/client/main.js
i	http	GET /img/favicon.svg
i	http	GET /img/068-sun-1.svg
i	http	GET /img/CartaConColor-2.svg
i	http	GET /img/CartaConColor-3.svg
i	http	GET /img/050-tiger-1.svg
i	http	GET /img/CartaConColor-1.svg
i	http	GET /js/client/game.js
i	http	GET /img/048-buffalo.svg
i	http	GET /img/003-chipmunk.svg
i	http	GET /img/CartaConColor-4.svg
i	http	GET /img/Maso.svg
i	http	GET /js/client/board.js
i	http	GET /js/client/deck.js
i	http	GET /js/client/player.js
i	http	GET /js/client/alert_manager.js
i	http	GET /js/client/client_socket.js
i	http	GET /js/client/simon_says.js
i	http	GET /js/client/sun_manager.js
i	http	GET /game_board.xhtml
i	http	GET /game_board.xhtml
i	http	GET /game_board.xhtml
i	http	GET /lobby.xhtml
i	http	GET /css/common.css
i	http	GET /css/lobby.css
i	http	GET /img/122-owl.svg
i	http	GET /img/favicon.svg
i	http	GET /game_board.xhtml
i	http	GET /css/common.css
i	http	GET /css/board.css
i	http	GET /css/owl_rush_GameBoard.css
i	http	GET /css/simon_says.css
i	http	GET /js/client/main.js
i	http	GET /js/client/game.js
i	http	GET /img/Maso.svg
i	http	GET /img/CartaConColor-4.svg
i	http	GET /img/050-tiger-1.svg
i	http	GET /img/CartaConColor-1.svg
i	http	GET /img/favicon.svg
i	http	GET /img/048-buffalo.svg
i	http	GET /img/068-sun-1.svg
i	http	GET /img/CartaConColor-2.svg
i	http	GET /img/CartaConColor-3.svg
i	http	GET /img/003-chipmunk.svg
i	http	GET /js/client/board.js
i	http	GET /js/client/deck.js
i	http	GET /js/client/player.js
i	http	GET /js/client/alert_manager.js
i	http	GET /js/client/client_socket.js
i	http	GET /js/client/simon_says.js
i	http	GET /js/client/sun_manager.js
i	http	GET /game_board.xhtml
i	http	GET /css/common.css
i	http	GET /css/owl_rush_GameBoard.css
i	http	GET /css/board.css
i	http	GET /css/simon_says.css
i	http	GET /img/favicon.svg
i	http	GET /img/048-buffalo.svg
i	http	GET /img/050-tiger-1.svg
i	http	GET /img/CartaConColor-1.svg
i	http	GET /img/CartaConColor-2.svg
i	http	GET /img/CartaConColor-3.svg
i	http	GET /img/003-chipmunk.svg
i	http	GET /img/CartaConColor-4.svg
i	http	GET /img/Maso.svg
i	http	GET /img/068-sun-1.svg
i	http	GET /js/client/main.js
i	http	GET /js/client/game.js
i	http	GET /js/client/board.js
i	http	GET /js/client/deck.js
i	http	GET /js/client/player.js
i	http	GET /js/client/alert_manager.js
i	http	GET /js/client/client_socket.js
i	http	GET /js/client/simon_says.js
i	http	GET /js/client/sun_manager.js
i	http	GET /game_board.xhtml
i	http	GET /css/common.css
i	http	GET /css/owl_rush_GameBoard.css
i	http	GET /css/board.css
i	http	GET /css/simon_says.css
i	http	GET /js/client/main.js
i	http	GET /img/favicon.svg
i	http	GET /img/CartaConColor-3.svg
i	http	GET /img/CartaConColor-1.svg
i	http	GET /img/003-chipmunk.svg
i	http	GET /img/CartaConColor-2.svg
i	http	GET /img/050-tiger-1.svg
i	http	GET /img/048-buffalo.svg
i	http	GET /img/CartaConColor-4.svg
i	http	GET /img/Maso.svg
i	http	GET /img/068-sun-1.svg
i	http	GET /js/client/game.js
i	http	GET /js/client/board.js
i	http	GET /js/client/deck.js
i	http	GET /js/client/player.js
i	http	GET /js/client/alert_manager.js
i	http	GET /js/client/client_socket.js
i	http	GET /js/client/simon_says.js
i	http	GET /js/client/sun_manager.js
i	http	GET /game_board.xhtml
i	http	GET /css/common.css
i	http	GET /css/owl_rush_GameBoard.css
i	http	GET /css/board.css
i	http	GET /css/simon_says.css
i	http	GET /img/CartaConColor-3.svg
i	http	GET /img/003-chipmunk.svg
i	http	GET /img/CartaConColor-4.svg
i	http	GET /img/favicon.svg
i	http	GET /img/048-buffalo.svg
i	http	GET /img/050-tiger-1.svg
i	http	GET /js/client/main.js
i	http	GET /img/CartaConColor-1.svg
i	http	GET /img/Maso.svg
i	http	GET /img/068-sun-1.svg
i	http	GET /img/CartaConColor-2.svg
i	http	GET /js/client/game.js
i	http	GET /js/client/board.js
i	http	GET /js/client/alert_manager.js
i	http	GET /js/client/deck.js
i	http	GET /js/client/player.js
i	http	GET /js/client/client_socket.js
i	http	GET /js/client/simon_says.js
i	http	GET /js/client/sun_manager.js
